HS Grad Year,Zip Code,ALL KHEAA Number Grads ,ALL Free or Reduced Price Lunch ,ALL Number KEES Earned > $0 ,ALL Mean KEES Earned ,ALL Number ACT/SAT Exam Takers ,"ALL Mean ACT, SAT equivalent ",ALL Number AP Exam Takers ,ALL Number AP Exams Passed ,ALL Number FAFSA Filers , ALL Number FAFSA Filers Pell-eligible ,ALL Mean Pell for F/T Attendance ,MIN KHEAA Number Grads ,MIN Free or Reduced Price Lunch ,MIN Number KEES Earned > $0 ,MIN Mean KEES Earned ,MIN Number ACT/SAT Exam Takers ,"MIN Mean ACT, SAT equivalent ",MIN Number AP Exam Takers ,MIN Number AP Exams Passed ,MIN Number FAFSA Filers ,MIN Number FAFSA Filers Pell-eligible ,MIN Mean Pell for F/T Attendance 
20052006,40023,8, -   ,6,"$1,273 ",5,19.4, -   ,,2, -   ,  ,2, -   , -   ,,1,12, -   ,,1, -   ,  
20052006,40047,10, -   ,10,"$1,491 ",6,24.5, -   ,,7,1,"$3,000 ",1, -   ,1,"$2,146 ",1,23, -   ,,1, -   ,  
20052006,40059,68, -   ,63,"$1,637 ",53,24.7, -   ,,28,6,"$3,033 ",19, -   ,18,"$1,482 ",12,25.6, -   ,,13,2,"$2,275 "
20052006,40109,3, -   ,3,"$1,727 ",2,22.5, -   ,,2, -   ,  ,,,,,,,,,,,  
20052006,40118,79, -   ,65,"$1,106 ",46,19.3, -   ,,45,26,"$3,273 ",15, -   ,12,"$1,160 ",9,19.2, -   ,,9,7,"$2,643 "
20052006,40177,1, -   ,1,$800 , -   ,, -   ,,, -   ,  ,,,,,,,,,,,  
20052006,40202,8, -   ,7,$624 ,4,15.3, -   ,,5,5,"$4,040 ",8, -   ,7,$624 ,4,15.3, -   ,,5,5,"$4,040 "
20052006,40203,127, -   ,90,$749 ,69,16.3, -   ,,82,75,"$3,681 ",110, -   ,75,$702 ,59,15.6, -   ,,72,68,"$3,703 "
20052006,40204,59, -   ,52,"$1,165 ",46,20.5, -   ,,38,24,"$3,435 ",18, -   ,15,$815 ,14,16.3, -   ,,12,10,"$3,835 "
20052006,40205,92, -   ,84,"$1,346 ",74,22.9, -   ,,55,16,"$2,981 ",11, -   ,8,$859 ,8,19.4, -   ,,7,4,"$4,050 "
20052006,40206,71, -   ,64,"$1,178 ",54,22.2, -   ,,45,21,"$2,733 ",10, -   ,8,$807 ,8,16.8, -   ,,8,5,"$3,890 "
20052006,40207,119, -   ,110,"$1,643 ",93,24.7, -   ,,58,14,"$2,414 ",15, -   ,13,"$1,290 ",10,22.9, -   ,,9,2,"$2,500 "
20052006,40208,57, -   ,44,$970 ,36,19.3, -   ,,39,29,"$3,526 ",39, -   ,30,$789 ,23,17.2, -   ,,27,24,"$3,619 "
20052006,40209,5, -   ,3,"$1,187 ",3,15.7, -   ,,3,2,"$2,375 ",1, -   ,1,"$1,475 ",1,12, -   ,,, -   ,  
20052006,40210,134, -   ,109,$647 ,68,16.9, -   ,,84,75,"$3,663 ",132, -   ,107,$647 ,68,16.9, -   ,,84,75,"$3,663 "
20052006,40211,234, -   ,184,$696 ,139,17.1, -   ,,161,141,"$3,497 ",230, -   ,180,$697 ,137,17.1, -   ,,159,139,"$3,489 "
20052006,40212,142, -   ,101,$669 ,70,16.3, -   ,,81,67,"$3,668 ",108, -   ,71,$637 ,55,15.9, -   ,,68,58,"$3,609 "
20052006,40213,85, -   ,69,$984 ,51,20.1, -   ,,49,28,"$3,454 ",29, -   ,20,$930 ,18,18.1, -   ,,22,16,"$3,634 "
20052006,40214,287, -   ,240,"$1,133 ",183,20.1, -   ,,168,87,"$3,174 ",81, -   ,66,$995 ,52,17.7, -   ,,56,44,"$3,469 "
20052006,40215,143, -   ,112,$808 ,70,18.4, -   ,,80,67,"$3,475 ",74, -   ,61,$828 ,46,18, -   ,,52,46,"$3,443 "
20052006,40216,391, -   ,320,"$1,000 ",263,18.8, -   ,,244,129,"$3,123 ",186, -   ,145,$836 ,124,17.3, -   ,,130,82,"$3,268 "
20052006,40217,53, -   ,41,"$1,005 ",33,20.9, -   ,,26,11,"$3,373 ",12, -   ,8,$749 ,7,16.4, -   ,,6,5,"$3,510 "
20052006,40218,221, -   ,178,$914 ,150,18.9, -   ,,146,94,"$3,405 ",148, -   ,117,$781 ,100,17.8, -   ,,104,74,"$3,484 "
20052006,40219,278, -   ,236,$970 ,166,18.7, -   ,,161,96,"$3,080 ",109, -   ,88,$965 ,76,17.6, -   ,,75,55,"$2,968 "
20052006,40220,175, -   ,145,"$1,181 ",121,20.5, -   ,,113,54,"$2,968 ",53, -   ,37,"$1,009 ",31,19.4, -   ,,34,22,"$2,945 "
20052006,40222,113, -   ,99,"$1,512 ",90,23.6, -   ,,61,16,"$3,566 ",19, -   ,14,$825 ,11,19.5, -   ,,12,4,"$3,988 "
20052006,40223,140, -   ,125,"$1,506 ",112,23.2, -   ,,69,28,"$3,289 ",44, -   ,34,"$1,265 ",31,20.9, -   ,,28,16,"$3,559 "
20052006,40225,1, -   ,1,"$2,100 ",1,21, -   ,,, -   ,  ,,,,,,,,,,,  
20052006,40228,83, -   ,67,"$1,001 ",58,19.6, -   ,,47,19,"$3,192 ",27, -   ,21,$759 ,19,17.8, -   ,,18,9,"$3,661 "
20052006,40229,154, -   ,128,"$1,002 ",90,19.4, -   ,,88,37,"$3,099 ",33, -   ,25,"$1,060 ",21,19.3, -   ,,20,11,"$2,764 "
20052006,40241,193, -   ,181,"$1,417 ",157,22.9, -   ,,98,29,"$3,434 ",59, -   ,54,"$1,217 ",42,20.8, -   ,,37,18,"$3,556 "
20052006,40242,67, -   ,64,"$1,241 ",51,21.8, -   ,,35,14,"$3,168 ",16, -   ,15,"$1,055 ",12,19.7, -   ,,10,3,"$3,167 "
20052006,40243,77, -   ,70,"$1,298 ",61,21.7, -   ,,40,19,"$3,205 ",12, -   ,9,$912 ,9,17.2, -   ,,5,3,"$3,367 "
20052006,40245,161, -   ,143,"$1,395 ",132,22.6, -   ,,85,21,"$3,329 ",39, -   ,31,"$1,112 ",30,20, -   ,,29,10,"$3,355 "
20052006,40258,225, -   ,186,"$1,012 ",135,19.4, -   ,,114,48,"$3,314 ",41, -   ,33,$797 ,31,17.3, -   ,,33,18,"$3,414 "
20052006,40272,243, -   ,217,"$1,123 ",143,20.1, -   ,,142,65,"$3,253 ",20, -   ,16,"$1,028 ",10,17.6, -   ,,14,12,"$3,721 "
20052006,40291,244, -   ,208,"$1,202 ",187,21.3, -   ,,148,48,"$3,244 ",57, -   ,51,"$1,067 ",46,19.1, -   ,,44,20,"$3,073 "
20052006,40299,240, -   ,216,"$1,277 ",200,21.7, -   ,,138,43,"$2,955 ",48, -   ,40,"$1,137 ",36,20.9, -   ,,31,15,"$3,353 "
,,,,,,,,,,,,  ,,,,,,,,,,,  
20062007,40023,14, -   ,12,"$1,433 ",13,22.2, -   ,,8,3,"$2,960 ",1, -   , -   ,,1,15, -   ,,1,1,"$2,960 "
20062007,40047,5, -   ,5,"$1,230 ",4,24.3, -   ,,3,1,"$4,310 ",,,,,,,,,,,  
20062007,40059,67, -   ,63,"$1,559 ",57,24.1, -   ,,30,7,"$3,874 ",16, -   ,13,"$1,328 ",12,20, -   ,,12,5,"$3,870 "
20062007,40109,4, -   ,3,$919 ,4,16.8, -   ,,2,2,"$2,585 ",,,,,,,,,,,  
20062007,40118,105, -   ,89,"$1,035 ",61,19.1, -   ,,60,31,"$3,635 ",9, -   ,9,"$1,065 ",8,19.1, -   ,,7,5,"$3,980 "
20062007,40177,2, -   ,1,"$1,687 ",1,29, -   ,,1, -   ,  ,,,,,,,,,,,  
20062007,40202,11, -   ,9,$994 ,7,18.7, -   ,,7,5,"$4,170 ",8, -   ,8,$916 ,5,17.4, -   ,,6,5,"$4,170 "
20062007,40203,132, -   ,88,$533 ,39,16.1, -   ,,70,68,"$3,890 ",114, -   ,74,$510 ,33,15.9, -   ,,64,62,"$3,909 "
20062007,40204,54, -   ,48,"$1,042 ",32,22.3, -   ,,35,23,"$3,047 ",19, -   ,18,$594 ,11,18.7, -   ,,14,14,"$3,496 "
20062007,40205,106, -   ,93,"$1,561 ",71,24, -   ,,59,15,"$3,393 ",12, -   ,8,"$1,660 ",8,20.5, -   ,,7,4,"$3,923 "
20062007,40206,73, -   ,67,"$1,286 ",53,23.2, -   ,,42,15,"$3,456 ",13, -   ,11,$562 ,6,16.5, -   ,,7,6,"$3,643 "
20062007,40207,120, -   ,115,"$1,365 ",101,23.3, -   ,,70,20,"$2,837 ",19, -   ,18,"$1,444 ",14,22.4, -   ,,16,6,"$4,168 "
20062007,40208,78, -   ,55,$947 ,42,19.9, -   ,,50,40,"$3,799 ",43, -   ,27,$744 ,24,17.8, -   ,,27,26,"$3,948 "
20062007,40210,119, -   ,91,$674 ,59,16.3, -   ,,78,70,"$3,852 ",115, -   ,87,$668 ,56,16.3, -   ,,75,67,"$3,849 "
20062007,40211,274, -   ,184,$599 ,124,16.8, -   ,,162,136,"$3,811 ",268, -   ,181,$597 ,123,16.9, -   ,,161,135,"$3,807 "
20062007,40212,187, -   ,132,$601 ,86,16.4, -   ,,103,95,"$4,023 ",151, -   ,104,$567 ,76,16, -   ,,86,81,"$4,050 "
20062007,40213,101, -   ,71,$888 ,49,18.8, -   ,,52,33,"$3,662 ",41, -   ,27,$725 ,19,15.9, -   ,,27,19,"$4,213 "
20062007,40214,320, -   ,280,"$1,091 ",214,20, -   ,,203,127,"$3,578 ",109, -   ,92,"$1,001 ",74,17.8, -   ,,86,72,"$3,720 "
20062007,40215,168, -   ,129,$862 ,85,18.3, -   ,,91,81,"$3,750 ",96, -   ,76,$740 ,48,17.2, -   ,,60,56,"$3,809 "
20062007,40216,388, -   ,304,$950 ,248,18.8, -   ,,269,166,"$3,521 ",191, -   ,136,$702 ,120,17.2, -   ,,145,113,"$3,688 "
20062007,40217,74, -   ,58,$974 ,38,21.5, -   ,,43,23,"$3,686 ",18, -   ,12,$960 ,9,18.7, -   ,,10,7,"$3,739 "
20062007,40218,233, -   ,172,$878 ,148,18.5, -   ,,146,99,"$3,577 ",156, -   ,111,$801 ,98,17.6, -   ,,104,75,"$3,629 "
20062007,40219,282, -   ,237,$882 ,158,18.9, -   ,,172,112,"$3,339 ",107, -   ,85,$873 ,66,17, -   ,,70,58,"$3,408 "
20062007,40220,183, -   ,160,"$1,145 ",146,21, -   ,,112,59,"$3,396 ",59, -   ,49,$932 ,43,18.1, -   ,,43,29,"$3,657 "
20062007,40222,114, -   ,108,"$1,473 ",85,24, -   ,,68,24,"$3,050 ",18, -   ,16,"$1,209 ",11,20.9, -   ,,12,7,"$3,124 "
20062007,40223,146, -   ,129,"$1,493 ",112,23.9, -   ,,83,33,"$3,702 ",33, -   ,26,"$1,061 ",19,20.5, -   ,,19,14,"$3,999 "
20062007,40228,106, -   ,92,"$1,026 ",70,20.3, -   ,,71,30,"$3,340 ",26, -   ,19,$861 ,15,17.3, -   ,,16,13,"$3,678 "
20062007,40229,196, -   ,169,$996 ,106,19.7, -   ,,105,60,"$3,636 ",38, -   ,35,"$1,137 ",27,19.9, -   ,,28,17,"$3,884 "
20062007,40241,181, -   ,166,"$1,467 ",149,23.5, -   ,,109,32,"$3,161 ",56, -   ,49,"$1,337 ",44,22.2, -   ,,40,16,"$3,329 "
20062007,40242,73, -   ,65,"$1,478 ",63,23.1, -   ,,44,9,"$2,920 ",11, -   ,7,"$1,093 ",6,19.8, -   ,,5,2,"$4,310 "
20062007,40243,82, -   ,72,"$1,252 ",65,23.3, -   ,,52,15,"$3,097 ",14, -   ,11,$606 ,9,19.2, -   ,,7,5,"$3,220 "
20062007,40245,191, -   ,174,"$1,444 ",153,23.4, -   ,,87,23,"$3,471 ",41, -   ,34,"$1,337 ",28,21, -   ,,28,13,"$3,587 "
20062007,40258,240, -   ,210,$936 ,148,19.7, -   ,,151,86,"$3,708 ",55, -   ,45,$799 ,36,19.2, -   ,,42,31,"$3,794 "
20062007,40272,312, -   ,274,"$1,077 ",189,20.2, -   ,,183,90,"$3,454 ",30, -   ,24,"$1,114 ",20,19.9, -   ,,24,15,"$4,130 "
20062007,40291,275, -   ,239,"$1,049 ",209,21, -   ,,177,71,"$3,422 ",54, -   ,44,$848 ,39,18.7, -   ,,41,24,"$3,702 "
20062007,40299,226, -   ,203,"$1,259 ",177,21.4, -   ,,133,48,"$3,484 ",44, -   ,39,$929 ,36,18.1, -   ,,29,16,"$3,869 "
,,,,,,,,,,,,  ,,,,,,,,,,,  
20072008,40023,18, -   ,14,"$1,332 ",14,22.9, -   ,,8,1,"$3,181 ",1, -   ,1,$404 ,1,19, -   ,,1, -   ,  
20072008,40047,9, -   ,9,$898 ,9,20.3, -   ,,7,1,"$4,731 ",3, -   ,3,$873 ,3,22, -   ,,3,1,"$4,731 "
20072008,40059,61, -   ,58,"$1,556 ",49,25.8, -   ,,32,6,"$4,681 ",6, -   ,4,"$1,754 ",4,26, -   ,,5,1,"$4,731 "
20072008,40109,2, -   ,2,$796 ,1,19, -   ,,1, -   ,  ,1, -   ,1,$562 , -   ,, -   ,,, -   ,  
20072008,40118,70, -   ,65,"$1,273 ",46,21.4, -   ,,51,25,"$3,981 ",3, -   ,2,$900 ,2,21, -   ,,2,2,"$4,731 "
20072008,40177,2, -   ,1,"$1,121 ",1,23, -   ,,1, -   ,  ,,,,,,,,,,,  
20072008,40202,18, -   ,12,$528 ,11,16.2, -   ,,11,9,"$3,925 ",16, -   ,10,$408 ,9,15, -   ,,9,7,"$4,102 "
20072008,40203,106, -   ,66,$775 ,53,17.8, -   ,,70,64,"$4,421 ",84, -   ,50,$748 ,43,17.1, -   ,,63,59,"$4,395 "
20072008,40204,63, -   ,52,"$1,123 ",34,23.4, -   ,,34,20,"$4,099 ",12, -   ,11,$884 ,6,20.7, -   ,,8,7,"$4,695 "
20072008,40205,94, -   ,83,"$1,367 ",75,23.3, -   ,,62,16,"$2,945 ",6, -   ,6,$695 ,5,16.8, -   ,,5,2,"$4,606 "
20072008,40206,87, -   ,80,"$1,366 ",68,24.4, -   ,,56,26,"$3,966 ",10, -   ,9,$712 ,5,19, -   ,,7,7,"$4,281 "
20072008,40207,138, -   ,129,"$1,568 ",118,25.1, -   ,,87,31,"$3,865 ",18, -   ,15,$981 ,13,21.2, -   ,,13,8,"$4,350 "
20072008,40208,79, -   ,67,$885 ,44,19.2, -   ,,52,37,"$4,197 ",43, -   ,33,$911 ,28,17.8, -   ,,35,29,"$4,259 "
20072008,40210,119, -   ,85,$815 ,72,17, -   ,,84,81,"$4,305 ",116, -   ,82,$807 ,71,16.9, -   ,,81,78,"$4,289 "
20072008,40211,238, -   ,175,$769 ,159,17, -   ,,181,153,"$4,217 ",233, -   ,172,$765 ,157,17, -   ,,179,151,"$4,210 "
20072008,40212,150, -   ,115,$761 ,75,16.9, -   ,,93,85,"$4,285 ",117, -   ,91,$756 ,56,16.8, -   ,,76,69,"$4,314 "
20072008,40213,91, -   ,71,"$1,004 ",62,19.8, -   ,,57,35,"$3,860 ",32, -   ,21,$839 ,21,17.2, -   ,,24,19,"$4,057 "
20072008,40214,332, -   ,275,"$1,122 ",224,19.7, -   ,,235,131,"$3,972 ",116, -   ,87,$897 ,72,17.3, -   ,,84,64,"$4,052 "
20072008,40215,139, -   ,110,$895 ,85,18.6, -   ,,84,65,"$4,009 ",74, -   ,55,$803 ,45,17.3, -   ,,51,43,"$4,226 "
20072008,40216,340, -   ,277,"$1,044 ",227,19.4, -   ,,227,139,"$3,789 ",166, -   ,125,$925 ,110,17.9, -   ,,121,90,"$3,847 "
20072008,40217,41, -   ,33,$879 ,25,19.9, -   ,,19,12,"$4,319 ",10, -   ,6,$629 ,7,16.4, -   ,,5,4,"$4,419 "
20072008,40218,193, -   ,158,"$1,018 ",147,19.2, -   ,,148,98,"$3,975 ",133, -   ,106,$933 ,100,18.4, -   ,,109,82,"$4,155 "
20072008,40219,287, -   ,234,$954 ,195,18.9, -   ,,194,115,"$4,002 ",128, -   ,97,$784 ,85,16.8, -   ,,96,72,"$4,089 "
20072008,40220,190, -   ,158,"$1,191 ",160,21, -   ,,131,61,"$3,576 ",56, -   ,40,$934 ,46,18.3, -   ,,44,27,"$3,794 "
20072008,40222,100, -   ,95,"$1,474 ",82,24, -   ,,61,21,"$3,581 ",18, -   ,15,$940 ,14,19.3, -   ,,14,8,"$3,875 "
20072008,40223,143, -   ,123,"$1,470 ",117,23.3, -   ,,92,28,"$3,995 ",31, -   ,21,"$1,033 ",20,19.5, -   ,,20,14,"$4,056 "
20072008,40228,134,1,103,"$1,062 ",102,20.2, -   ,,101,38,"$3,393 ",45,1,30,$919 ,35,17.8, -   ,,39,21,"$3,531 "
20072008,40229,171, -   ,144,"$1,055 ",111,20, -   ,,109,51,"$3,807 ",32, -   ,26,"$1,094 ",26,18.1, -   ,,26,16,"$3,744 "
20072008,40241,220, -   ,192,"$1,402 ",185,23.1, -   ,,130,36,"$3,934 ",62, -   ,47,"$1,200 ",51,20.4, -   ,,47,19,"$3,842 "
20072008,40242,86, -   ,77,"$1,264 ",64,23.2, -   ,,52,15,"$3,858 ",22, -   ,19,$957 ,14,20.6, -   ,,15,9,"$3,859 "
20072008,40243,73, -   ,63,"$1,338 ",60,23.2, -   ,,46,11,"$4,322 ",11, -   ,9,"$1,140 ",9,21.1, -   ,,10,6,"$4,481 "
20072008,40245,183, -   ,156,"$1,392 ",139,23.5, -   ,,95,27,"$3,952 ",57, -   ,44,"$1,128 ",39,20.8, -   ,,37,15,"$4,174 "
20072008,40258,244, -   ,196,$976 ,145,19.4, -   ,,147,76,"$3,857 ",51, -   ,32,$918 ,33,17.9, -   ,,39,28,"$4,210 "
20072008,40272,266, -   ,239,"$1,141 ",189,20.1, -   ,,160,82,"$3,739 ",23, -   ,21,"$1,029 ",17,18.4, -   ,,17,11,"$4,395 "
20072008,40291,226, -   ,191,"$1,148 ",173,21.1, -   ,,150,65,"$3,544 ",50, -   ,40,$981 ,34,18.9, -   ,,31,22,"$4,034 "
20072008,40299,237, -   ,209,"$1,189 ",195,21.6, -   ,,160,45,"$3,745 ",42, -   ,32,$931 ,33,19.3, -   ,,28,11,"$3,891 "
,,,,,,,,,,,,  ,,,,,,,,,,,  
20082009,40023,19,2,18,"$1,464 ",19,23,3,4,11,4,"$5,113 ",1, -   ,1,"$2,161 ",1,22, -   ,,1, -   ,  
20082009,40047,2, -   ,2,"$1,324 ",2,18, -   ,,2, -   ,  ,1, -   ,1,$896 ,1,16, -   ,,1, -   ,  
20082009,40059,56,5,55,"$1,370 ",53,23.1,9,19,35,12,"$4,129 ",12,4,12,"$1,270 ",12,22.6,1,2,8,3,"$5,350 "
20082009,40109,1, -   ,1,"$1,353 ",1,26, -   ,,, -   ,  ,,,,,,,,,,,  
20082009,40118,95,53,80,"$1,010 ",83,18,8,12,60,46,"$4,788 ",11,9,9,"$1,003 ",10,18.2,2,3,11,9,"$4,833 "
20082009,40177,1, -   ,1,$350 ,1,12, -   ,,1,1,"$5,350 ",,,,,,,,,,,  
20082009,40202,13,8,7,$463 ,10,15.6, -   ,,8,6,"$5,350 ",12,8,6,$496 ,9,15.3, -   ,,8,6,"$5,350 "
20082009,40203,124,90,91,$640 ,105,15.5,1,2,82,73,"$5,198 ",106,79,74,$583 ,87,14.6, -   ,,71,68,"$5,192 "
20082009,40204,47,17,35,"$1,227 ",43,20,6,10,27,17,"$4,485 ",15,8,9,"$1,275 ",15,16.7,1,1,11,10,"$4,525 "
20082009,40205,133,7,116,"$1,450 ",123,23,22,54,80,22,"$4,483 ",14,2,10,"$1,246 ",11,20.3,2,3,6,4,"$4,838 "
20082009,40206,78,23,65,"$1,297 ",73,21.5,12,23,49,22,"$4,126 ",19,12,13,$875 ,17,17.1,2,2,13,9,"$4,228 "
20082009,40207,124,11,116,"$1,443 ",115,24.3,20,47,80,30,"$4,464 ",19,5,18,"$1,260 ",19,23.6,2,5,14,8,"$5,169 "
20082009,40208,80,51,61,$886 ,70,17.6,5,9,55,44,"$4,755 ",48,34,36,$734 ,43,16.9,3,7,38,32,"$4,864 "
20082009,40209,3,2,3,$508 ,3,13, -   ,,, -   ,  ,2,2,2,$649 ,2,13.5, -   ,,, -   ,  
20082009,40210,158,125,101,$726 ,133,15.5,1,2,104,100,"$4,990 ",154,123,98,$734 ,131,15.5,1,2,102,98,"$4,982 "
20082009,40211,305,219,221,$714 ,281,15.7,3,4,229,210,"$4,960 ",297,214,214,$710 ,274,15.6,3,4,225,206,"$4,952 "
20082009,40212,181,135,129,$730 ,155,16.1,2,2,123,112,"$4,870 ",142,110,100,$696 ,120,15.9,2,2,106,98,"$4,878 "
20082009,40213,96,52,76,$889 ,85,18.2,7,17,63,49,"$4,569 ",44,30,33,$813 ,40,16.2,1,2,35,30,"$4,436 "
20082009,40214,343,168,279,"$1,067 ",322,18.3,14,22,229,172,"$4,763 ",137,102,101,$902 ,126,16.5,5,6,104,95,"$4,915 "
20082009,40215,198,142,148,$856 ,171,16.4,6,8,131,115,"$5,131 ",111,88,73,$768 ,94,15.1, -   ,,81,75,"$5,109 "
20082009,40216,427,230,341,$904 ,404,17.6,11,16,286,204,"$4,696 ",227,162,162,$744 ,215,16.2,1,1,164,143,"$4,729 "
20082009,40217,59,23,52,$831 ,53,18.7,6,8,41,33,"$4,452 ",19,10,16,$677 ,15,17,3,3,14,12,"$4,542 "
20082009,40218,254,129,186,$840 ,225,17.2,3,5,177,131,"$4,829 ",176,108,126,$745 ,156,16.4,2,2,128,105,"$4,893 "
20082009,40219,307,151,252,$972 ,282,17.7,12,25,214,152,"$4,724 ",138,89,113,$861 ,127,16.5,3,6,111,91,"$4,864 "
20082009,40220,223,65,187,"$1,185 ",207,20.5,23,38,155,84,"$4,452 ",83,43,71,"$1,004 ",78,18.4,8,9,62,46,"$4,900 "
20082009,40222,104,16,94,"$1,294 ",98,22.9,21,48,65,26,"$4,665 ",17,9,15,$750 ,17,17.8,2,2,11,8,"$4,931 "
20082009,40223,178,25,152,"$1,427 ",170,22.6,33,74,109,40,"$4,391 ",42,17,33,"$1,058 ",41,18.8,6,11,25,16,"$4,975 "
20082009,40225,2,1,2,"$1,404 ",2,22.5,1,1,2,1,"$5,350 ",2,1,2,"$1,404 ",2,22.5,1,1,2,1,"$5,350 "
20082009,40228,125,38,93,$980 ,117,18.8,7,10,76,36,"$4,042 ",51,26,33,$892 ,47,17.3,5,8,35,22,"$4,499 "
20082009,40229,203,65,170,"$1,002 ",188,18.2,7,10,136,74,"$4,583 ",49,27,40,$797 ,48,16.9,1,1,33,21,"$4,736 "
20082009,40241,219,23,199,"$1,352 ",209,22.4,43,85,138,39,"$4,396 ",73,21,63,"$1,147 ",70,19.9,7,17,50,26,"$4,463 "
20082009,40242,70,14,63,"$1,266 ",67,22.4,11,17,50,22,"$4,432 ",12,4,11,$787 ,11,19.5, -   ,,12,7,"$4,807 "
20082009,40243,91,14,78,"$1,151 ",88,21.5,12,23,64,27,"$4,496 ",17,6,11,$724 ,16,18.6, -   ,,15,10,"$3,820 "
20082009,40245,212,20,188,"$1,433 ",199,22.9,33,59,129,37,"$4,402 ",68,16,56,"$1,291 ",64,21.5,8,17,49,23,"$4,376 "
20082009,40258,255,104,209,$958 ,233,18,8,14,150,98,"$4,551 ",50,29,32,$944 ,44,17,1,2,38,32,"$4,550 "
20082009,40272,351,125,302,"$1,118 ",332,18.6,6,13,221,118,"$4,461 ",33,23,27,"$1,082 ",28,17.4,1,1,23,19,"$4,703 "
20082009,40291,256,57,205,"$1,147 ",241,20.2,25,50,165,81,"$4,338 ",75,28,53,"$1,029 ",69,18.8,4,7,52,30,"$4,733 "
20082009,40299,255,45,218,"$1,247 ",242,21.1,24,41,173,67,"$4,336 ",53,17,41,"$1,185 ",50,19.1,3,4,42,22,"$4,183 "
,,,,,,,,,,,,  ,,,,,,,,,,,  
20092010,40023,16,1,12,"$1,452 ",16,20.9, -   ,,10,2,"$5,550 ",1,1,1,$607 ,1,24, -   ,,1,1,"$5,550 "
20092010,40047,3,2,2,$912 ,2,13.5, -   ,,, -   ,  ,1,1,1,"$1,598 ",1,15, -   ,,, -   ,  
20092010,40059,58,3,56,"$1,797 ",58,24.6,13,47,34,9,"$3,901 ",9,1,7,"$1,082 ",9,18.7,1,1,5, -   ,  
20092010,40109,2,2,2,"$1,740 ",2,20, -   ,,2,1,"$5,550 ",1,1,1,"$1,561 ",1,22, -   ,,1, -   ,  
20092010,40118,83,37,78,"$1,206 ",81,18.3,5,6,61,35,"$4,509 ",8,6,6,"$1,067 ",7,17.6, -   ,,5,4,"$5,075 "
20092010,40202,11,6,8,"$1,007 ",10,18.1, -   ,,6,5,"$5,140 ",9,5,7,"$1,064 ",8,18.8, -   ,,6,5,"$5,140 "
20092010,40203,127,108,99,$715 ,106,15.9,3,4,79,73,"$5,349 ",103,90,77,$689 ,85,15.8,3,4,68,65,"$5,324 "
20092010,40204,46,13,39,"$1,349 ",44,21.5,5,11,35,23,"$4,965 ",11,6,9,"$1,064 ",11,19.5, -   ,,7,6,"$5,550 "
20092010,40205,97,19,80,"$1,651 ",89,23.9,18,52,73,32,"$4,686 ",14,6,9,"$1,568 ",14,19.9,3,7,12,7,"$4,771 "
20092010,40206,74,21,58,"$1,149 ",68,20.2,5,8,45,27,"$4,559 ",22,13,14,$999 ,19,16.6,1,3,14,14,"$4,729 "
20092010,40207,114,19,107,"$1,345 ",108,23,16,42,79,40,"$4,436 ",17,10,16,"$1,139 ",15,19.3,1,1,15,14,"$4,696 "
20092010,40208,64,41,49,$829 ,57,17.3,1,1,45,40,"$5,133 ",38,30,29,$532 ,35,15.2, -   ,,29,29,"$5,052 "
20092010,40209,2,2,1,"$1,214 ",1,20, -   ,,1,1,"$5,550 ",1,1, -   ,, -   ,, -   ,,, -   ,  
20092010,40210,158,128,119,$655 ,139,15.6, -   ,,127,123,"$5,209 ",157,127,118,$653 ,138,15.6, -   ,,126,122,"$5,206 "
20092010,40211,299,232,214,$703 ,264,15.7,6,15,233,213,"$5,170 ",295,229,210,$707 ,261,15.7,6,15,230,211,"$5,167 "
20092010,40212,188,139,125,$731 ,174,15.6,5,9,131,116,"$4,998 ",141,109,90,$718 ,130,15.5,4,8,106,94,"$4,910 "
20092010,40213,99,50,70,$920 ,87,18.2,10,21,65,52,"$4,880 ",47,36,29,$697 ,37,15.3, -   ,,33,33,"$5,087 "
20092010,40214,345,181,281,"$1,073 ",317,18.7,14,35,264,195,"$4,822 ",128,97,100,$872 ,112,16.4,2,2,106,98,"$5,087 "
20092010,40215,151,108,119,$900 ,134,17.2,8,24,105,93,"$4,970 ",77,67,60,$846 ,71,16.3,1,5,64,59,"$5,247 "
20092010,40216,416,217,324,"$1,028 ",384,18.1,16,28,320,239,"$4,743 ",235,157,172,$863 ,213,16.8,7,10,188,157,"$4,981 "
20092010,40217,50,24,33,$951 ,49,19,3,4,34,22,"$5,052 ",14,11,9,$842 ,14,16.8, -   ,,11,10,"$5,455 "
20092010,40218,263,146,192,$880 ,229,17.6,9,19,195,146,"$4,920 ",170,109,116,$752 ,141,16.2,2,3,128,110,"$4,951 "
20092010,40219,310,168,236,$876 ,282,17.2,11,22,217,168,"$4,867 ",171,112,122,$898 ,154,16.6,7,12,126,108,"$4,883 "
20092010,40220,208,65,167,"$1,171 ",191,20,15,37,160,97,"$4,581 ",84,46,62,$870 ,75,17.2,2,7,67,53,"$4,667 "
20092010,40222,100,23,93,"$1,260 ",95,21.6,13,37,63,31,"$4,766 ",32,12,29,"$1,018 ",30,18.9,3,9,24,15,"$4,653 "
20092010,40223,152,31,133,"$1,402 ",136,22.9,25,62,98,44,"$4,185 ",49,24,40,"$1,070 ",41,19.8,4,12,32,23,"$4,507 "
20092010,40228,146,53,114,"$1,145 ",133,19.3,17,37,111,65,"$4,636 ",57,33,43,"$1,129 ",50,18.8,6,14,49,34,"$4,991 "
20092010,40229,179,79,136,"$1,038 ",163,18.4,7,21,119,82,"$4,671 ",41,22,28,"$1,030 ",36,17.9,2,4,32,25,"$4,684 "
20092010,40241,207,25,181,"$1,437 ",199,23.1,34,117,134,58,"$4,478 ",73,22,59,"$1,318 ",70,21.5,9,36,47,29,"$4,759 "
20092010,40242,87,10,81,"$1,428 ",82,22.9,17,45,65,25,"$4,804 ",20,4,16,"$1,207 ",17,22.4,5,13,16,9,"$5,494 "
20092010,40243,75,14,62,"$1,436 ",74,21.7,8,14,54,24,"$4,717 ",16,4,11,"$1,576 ",16,20.4,4,9,11,8,"$5,200 "
20092010,40245,171,19,150,"$1,340 ",166,22,19,55,111,38,"$4,223 ",52,16,40,"$1,292 ",50,20.1,3,9,42,24,"$4,342 "
20092010,40258,258,98,209,"$1,010 ",240,17.9,9,15,189,118,"$4,570 ",58,33,44,$849 ,57,16.5,2,2,51,40,"$4,650 "
20092010,40272,319,118,283,"$1,116 ",304,18.5,15,21,216,141,"$4,608 ",30,13,28,"$1,069 ",28,18.6, -   ,,24,17,"$4,944 "
20092010,40291,281,59,239,"$1,234 ",269,20.3,30,81,198,98,"$4,728 ",71,32,57,"$1,199 ",66,18.9,6,22,55,35,"$5,249 "
20092010,40299,240,45,206,"$1,146 ",225,20.5,18,39,161,69,"$4,213 ",69,25,53,$973 ,61,18.7,4,10,47,30,"$4,285 "
,,,,,,,,,,,,  ,,,,,,,,,,,  
20102011,40023,20,1,19,"$1,383 ",15,22.8,2,6,15,1,"$1,400 ",1, -   ,1,"$2,128 ",1,26,1,2,1, -   ,  
20102011,40047,3,1,3,"$1,031 ",2,19.5, -   ,,2,2,"$5,175 ",1,1,1,$975 , -   ,, -   ,,1,1,"$5,550 "
20102011,40059,61,4,60,"$1,841 ",49,26.4,15,61,43,10,"$5,545 ",14,2,14,"$1,784 ",10,26,3,18,10,5,"$5,550 "
20102011,40118,97,49,81,"$1,145 ",55,19.8,5,22,64,41,"$5,011 ",9,8,7,$909 ,6,15.5, -   ,,6,6,"$5,192 "
20102011,40177,2,2,2,$686 ,1,16, -   ,,1,1,"$5,550 ",,,,,,,,,,,  
20102011,40202,16,12,12,$916 ,10,16.8,2,3,13,13,"$5,473 ",15,11,11,$806 ,9,15.8,1,1,12,12,"$5,467 "
20102011,40203,127,99,82,$745 ,74,16.1,4,9,89,86,"$5,334 ",107,89,68,$741 ,63,15.6,2,6,76,75,"$5,368 "
20102011,40204,48,20,37,"$1,228 ",29,23.8,5,20,31,21,"$4,376 ",12,9,6,$661 ,6,19.5, -   ,,9,9,"$4,961 "
20102011,40205,100,17,86,"$1,489 ",70,23.8,24,66,76,32,"$4,639 ",9,5,5,"$1,215 ",6,19.7, -   ,,7,6,"$5,542 "
20102011,40206,80,24,66,"$1,324 ",49,23,16,43,53,27,"$5,346 ",18,10,12,"$1,023 ",12,18.6,3,4,12,10,"$5,285 "
20102011,40207,109,23,100,"$1,418 ",72,24.3,20,73,74,36,"$4,799 ",29,16,24,$774 ,18,18.2, -   ,,20,15,"$5,103 "
20102011,40208,70,49,50,"$1,060 ",48,18.7,4,11,53,47,"$5,013 ",47,37,28,$910 ,34,17.3,2,6,37,34,"$5,151 "
20102011,40209,1,1,1,$200 ,1,10, -   ,,1,1,"$5,550 ",,,,,,,,,,,  
20102011,40210,167,132,114,$724 ,98,16.3,3,3,124,117,"$5,228 ",161,128,109,$705 ,95,16.1,2,2,120,113,"$5,222 "
20102011,40211,286,237,207,$687 ,183,16.1,3,10,232,213,"$5,279 ",279,233,202,$682 ,177,16,3,10,227,211,"$5,277 "
20102011,40212,193,151,130,$763 ,104,16.3,3,8,150,143,"$5,345 ",163,129,109,$748 ,88,16.1,2,7,128,123,"$5,338 "
20102011,40213,111,65,82,$888 ,79,18,4,10,74,64,"$5,248 ",51,40,37,$788 ,38,16.7,1,4,39,36,"$5,443 "
20102011,40214,339,176,272,"$1,046 ",230,19,19,33,247,178,"$4,990 ",115,92,86,$792 ,69,16.7,4,7,94,89,"$5,216 "
20102011,40215,183,132,135,$765 ,136,16.7,3,7,117,106,"$5,108 ",108,89,81,$742 ,78,16.4,2,3,81,77,"$5,062 "
20102011,40216,455,272,353,$987 ,328,18.3,18,28,355,276,"$5,029 ",256,177,188,$822 ,178,16.6,4,7,212,180,"$5,149 "
20102011,40217,54,25,40,"$1,123 ",31,19.6,4,10,29,22,"$4,434 ",16,10,11,"$1,114 ",11,18.5, -   ,,7,6,"$4,875 "
20102011,40218,282,164,208,$955 ,186,18.2,13,24,203,168,"$4,961 ",195,124,137,$848 ,128,17.2,4,5,143,123,"$5,051 "
20102011,40219,327,177,249,$937 ,210,18.3,13,30,225,173,"$4,922 ",152,111,107,$850 ,103,16.8,4,13,117,101,"$5,055 "
20102011,40220,210,95,179,"$1,107 ",148,20.4,19,51,159,112,"$4,876 ",93,67,75,$849 ,61,17.9,3,7,76,65,"$5,025 "
20102011,40222,102,20,94,"$1,441 ",78,23.5,20,50,76,39,"$4,414 ",22,6,19,"$1,360 ",16,21.8,2,5,15,9,"$4,356 "
20102011,40223,158,30,136,"$1,481 ",107,24.6,23,88,112,50,"$4,579 ",34,18,24,$919 ,15,19.7, -   ,,25,17,"$5,197 "
20102011,40228,139,51,112,$971 ,90,19.6,8,24,105,63,"$4,496 ",52,27,42,$885 ,39,18.3,5,13,45,32,"$4,772 "
20102011,40229,204,95,158,"$1,035 ",121,19.1,10,16,139,94,"$4,604 ",44,28,35,$938 ,28,17.4,2,3,30,21,"$5,062 "
20102011,40241,204,22,183,"$1,512 ",137,24.4,44,169,155,44,"$4,875 ",63,15,52,"$1,443 ",32,22.4,10,62,52,23,"$5,087 "
20102011,40242,70,21,60,"$1,402 ",50,23.1,13,46,49,28,"$4,500 ",21,13,17,"$1,153 ",15,19.1,1,1,17,13,"$4,673 "
20102011,40243,72,6,65,"$1,329 ",51,23.5,6,21,52,19,"$4,647 ",12,3,8,"$1,224 ",9,21.6, -   ,,10,6,"$4,833 "
20102011,40245,171,22,148,"$1,350 ",127,23.1,30,79,121,36,"$4,881 ",57,16,45,"$1,270 ",39,21.9,8,36,43,20,"$4,833 "
20102011,40258,316,145,232,"$1,122 ",194,19.2,13,21,210,147,"$4,740 ",86,57,52,$801 ,46,17.7,2,4,61,46,"$4,989 "
20102011,40272,345,150,283,"$1,152 ",209,20.2,15,23,236,149,"$4,863 ",41,26,28,$915 ,24,18.4, -   ,,25,20,"$4,920 "
20102011,40291,272,85,221,"$1,095 ",186,20.8,27,69,209,112,"$4,549 ",69,38,46,$904 ,40,18.4,3,3,58,39,"$5,027 "
20102011,40299,242,55,209,"$1,263 ",166,21.6,25,84,177,82,"$4,710 ",59,28,46,"$1,111 ",40,18.3,3,6,47,32,"$5,236 "
,,,,,,,,,,,,  ,,,,,,,,,,,  
20112012,40023,20,2,18,"$1,644 ",16,24.7,6,19,15,2,"$5,550 ",,,,,,,,,,,  
20112012,40047,2, -   ,2,$466 ,2,19, -   ,,1, -   ,  ,,,,,,,,,,,  
20112012,40059,71,9,65,"$1,538 ",61,24,15,58,44,15,"$4,957 ",27,6,26,"$1,516 ",27,23.7,5,26,19,8,"$5,044 "
20112012,40118,85,55,74,"$1,073 ",48,18.9,6,7,58,45,"$4,822 ",14,10,12,$864 ,7,16.4,1,1,9,8,"$4,819 "
20112012,40202,12,6,9,"$1,251 ",9,20.6,3,4,8,8,"$5,406 ",9,5,7,"$1,107 ",6,20.3,1,2,6,6,"$5,358 "
20112012,40203,102,89,71,$757 ,78,16.1,1,2,69,68,"$5,105 ",90,80,62,$756 ,69,15.8, -   ,,64,64,"$5,077 "
20112012,40204,54,23,44,"$1,281 ",43,22.7,9,26,41,30,"$4,880 ",23,14,19,$864 ,17,19.3,4,15,18,18,"$5,042 "
20112012,40205,89,14,84,"$1,614 ",81,24.4,9,39,70,23,"$4,713 ",8,3,7,"$1,316 ",8,20.5,1,3,8,5,"$5,550 "
20112012,40206,82,37,61,"$1,300 ",63,22.1,12,35,58,37,"$4,530 ",19,14,14,"$1,030 ",16,18.8, -   ,,19,15,"$5,003 "
20112012,40207,110,21,101,"$1,533 ",92,23.9,32,134,79,36,"$4,814 ",18,8,16,"$1,281 ",15,22.5,4,21,15,10,"$4,795 "
20112012,40208,61,47,46,"$1,027 ",44,19.2,6,18,43,38,"$5,372 ",50,40,38,$916 ,38,17.8,2,5,36,34,"$5,351 "
20112012,40210,149,130,107,$802 ,101,16.6,2,2,118,108,"$5,204 ",145,127,105,$798 ,99,16.5,2,2,116,106,"$5,198 "
20112012,40211,259,215,191,$781 ,196,16.7,4,8,208,200,"$5,156 ",253,212,186,$788 ,191,16.7,4,8,206,198,"$5,152 "
20112012,40212,186,156,130,$744 ,134,16.1,5,11,125,111,"$5,248 ",145,125,96,$698 ,105,15.8,5,11,102,92,"$5,263 "
20112012,40213,93,55,73,"$1,064 ",71,19,6,25,58,40,"$4,978 ",35,30,27,$803 ,30,16.2,1,1,21,19,"$5,155 "
20112012,40214,350,203,285,"$1,024 ",253,18.8,18,35,249,184,"$4,938 ",157,121,127,$925 ,108,17.4,3,4,122,110,"$5,102 "
20112012,40215,175,130,128,$913 ,128,17.8,7,17,122,104,"$5,180 ",101,83,73,$752 ,71,16.5,3,7,73,67,"$5,395 "
20112012,40216,412,234,338,$969 ,339,18.3,15,22,309,239,"$4,976 ",226,162,181,$803 ,180,16.7,5,6,180,154,"$5,093 "
20112012,40217,52,18,41,"$1,330 ",41,21.9,7,30,33,21,"$4,700 ",15,9,12,"$1,222 ",13,19.4,2,16,11,9,"$4,689 "
20112012,40218,239,155,183,$922 ,180,18.4,15,29,183,150,"$5,072 ",161,117,116,$830 ,126,17.3,7,10,129,112,"$5,192 "
20112012,40219,319,190,252,"$1,089 ",244,18.8,22,65,232,180,"$4,839 ",155,119,117,$962 ,120,17.4,5,12,122,111,"$4,764 "
20112012,40220,225,75,185,"$1,189 ",179,20.9,36,89,178,114,"$4,690 ",79,49,61,$845 ,60,17.9,6,13,63,53,"$5,158 "
20112012,40222,109,21,98,"$1,305 ",91,22.5,18,43,84,42,"$4,786 ",23,10,19,$966 ,21,19.8,3,10,19,16,"$5,516 "
20112012,40223,181,39,163,"$1,456 ",154,22.9,47,156,134,55,"$4,756 ",42,19,33,"$1,273 ",32,19.4,4,11,36,23,"$5,359 "
20112012,40228,151,51,130,"$1,167 ",127,20.1,16,48,120,70,"$4,607 ",68,34,55,"$1,266 ",60,19.2,9,38,57,43,"$4,787 "
20112012,40229,207,88,163,"$1,145 ",161,19.6,15,31,144,97,"$4,913 ",62,37,39,"$1,040 ",49,17.9,5,10,48,36,"$4,947 "
20112012,40241,219,32,194,"$1,417 ",190,23.3,45,214,149,55,"$4,501 ",94,26,79,"$1,247 ",78,22,13,82,75,35,"$4,801 "
20112012,40242,87,27,80,"$1,266 ",72,23,17,51,64,35,"$4,441 ",28,16,25,$974 ,19,21.2, -   ,,22,15,"$4,437 "
20112012,40243,88,23,75,"$1,428 ",72,23,19,72,63,34,"$4,374 ",25,13,22,"$1,485 ",23,22.3,5,15,23,18,"$4,300 "
20112012,40245,219,29,203,"$1,560 ",197,23.6,60,201,153,51,"$5,006 ",61,19,54,"$1,476 ",57,22,17,48,46,26,"$5,023 "
20112012,40258,262,120,204,"$1,142 ",187,19.3,8,14,187,120,"$4,765 ",67,45,54,$861 ,47,17.5,1,4,56,44,"$5,042 "
20112012,40272,293,141,251,"$1,140 ",201,19.7,15,47,213,151,"$4,846 ",36,23,28,$983 ,25,17.8,3,11,27,26,"$5,137 "
20112012,40291,243,79,210,"$1,168 ",191,20.8,24,70,180,94,"$4,743 ",70,36,59,"$1,056 ",52,19.8,8,25,57,39,"$4,847 "
20112012,40299,285,59,254,"$1,237 ",224,21.9,44,141,213,84,"$4,686 ",67,26,51,"$1,025 ",50,19.2,4,9,53,28,"$5,034 "
,,,,,,,,,,,,  ,,,,,,,,,,,  
20122013,40023,19,1,15,"$1,630 ",17,21.7,3,15,11,3,"$5,595 ",3,1,2,"$1,211 ",3,18, -   ,,1, -   ,  
20122013,40047,3,2,3,"$1,117 ",3,20.7, -   ,,3,1,"$4,495 ",,,,,,,,,,,  
20122013,40059,62,11,56,"$1,648 ",54,24.7,19,97,43,12,"$4,458 ",18,7,14,"$1,816 ",15,25.1,4,32,15,7,"$5,545 "
20122013,40109,2,2,2,"$1,275 ",2,17.5, -   ,,2,2,"$5,645 ",,,,,,,,,,,  
20122013,40118,103,64,86,$954 ,88,17,1,1,72,54,"$4,979 ",9,5,4,"$1,407 ",6,16.8, -   ,,6,5,"$5,335 "
20122013,40202,15,13,12,"$1,268 ",14,19.2,2,14,11,11,"$5,459 ",13,12,11,"$1,210 ",12,19.1,2,14,10,10,"$5,440 "
20122013,40203,98,87,66,$823 ,76,16.5,5,21,64,62,"$5,169 ",77,72,48,$800 ,58,15.9,3,8,51,49,"$5,192 "
20122013,40204,51,24,42,"$1,300 ",43,22.1,6,36,37,22,"$5,306 ",18,12,14,$924 ,13,19.4,1,5,13,11,"$5,359 "
20122013,40205,96,13,90,"$1,557 ",86,24.7,24,109,74,29,"$4,243 ",10,3,8,"$1,058 ",10,20.5, -   ,,6,4,"$4,758 "
20122013,40206,82,41,68,"$1,221 ",73,21.2,15,72,61,45,"$5,173 ",31,21,24,$940 ,28,18.3, -   ,,26,23,"$5,402 "
20122013,40207,95,23,88,"$1,576 ",90,24.5,27,121,67,29,"$4,366 ",23,8,20,"$1,198 ",21,22.2,5,19,17,11,"$4,527 "
20122013,40208,75,62,60,$868 ,61,18.3,7,15,57,50,"$5,366 ",53,50,40,$764 ,44,16.9,3,5,41,38,"$5,506 "
20122013,40209,1,1,1,"$2,146 ",1,23,1,4,1,1,"$4,295 ",,,,,,,,,,,  
20122013,40210,163,149,108,$728 ,130,15.7,4,8,118,113,"$5,352 ",162,148,108,$728 ,130,15.7,4,8,118,113,"$5,352 "
20122013,40211,280,251,190,$806 ,225,16.6,6,12,223,208,"$5,333 ",271,242,183,$802 ,220,16.5,6,12,218,203,"$5,339 "
20122013,40212,173,149,123,$896 ,143,16.6,6,17,124,117,"$5,312 ",143,125,101,$841 ,115,16.5,3,4,103,98,"$5,340 "
20122013,40213,125,87,100,$952 ,105,18.6,10,41,80,64,"$5,225 ",50,43,41,$909 ,44,17.6,4,18,33,29,"$5,411 "
20122013,40214,417,271,342,"$1,149 ",346,18.8,22,48,315,238,"$5,227 ",174,150,135,$980 ,141,16.7,2,4,139,123,"$5,442 "
20122013,40215,185,157,142,$783 ,137,16.7,5,6,129,119,"$5,308 ",116,106,89,$746 ,88,16.4,2,2,89,84,"$5,421 "
20122013,40216,452,314,364,"$1,014 ",391,18.2,17,52,341,262,"$5,045 ",269,217,212,$915 ,233,17.2,8,16,218,183,"$5,129 "
20122013,40217,65,33,56,"$1,275 ",55,21.4,13,30,48,37,"$4,492 ",16,10,12,"$1,456 ",15,19.7,4,8,10,10,"$4,340 "
20122013,40218,294,221,219,$946 ,247,17.5,18,33,225,179,"$5,156 ",199,164,140,$896 ,163,16.8,9,16,159,129,"$5,196 "
20122013,40219,317,216,261,"$1,005 ",269,18.4,19,38,217,175,"$5,233 ",159,135,125,$854 ,132,17.3,7,8,122,110,"$5,411 "
20122013,40220,178,67,153,"$1,158 ",155,20.8,17,67,131,74,"$4,889 ",66,41,48,$929 ,56,17.6,2,9,48,36,"$5,278 "
20122013,40222,106,33,90,"$1,408 ",94,23.2,22,105,78,40,"$4,796 ",32,18,22,"$1,246 ",27,21.4,5,36,23,18,"$4,920 "
20122013,40223,170,57,152,"$1,385 ",151,23.6,48,217,117,51,"$4,565 ",51,32,39,"$1,118 ",41,21.2,5,30,36,24,"$4,554 "
20122013,40228,154,65,128,"$1,174 ",136,19.9,20,60,116,69,"$4,828 ",54,31,46,"$1,024 ",45,18.6,5,12,45,30,"$5,022 "
20122013,40229,207,104,180,"$1,133 ",186,19.2,17,53,144,90,"$4,798 ",52,36,42,"$1,037 ",46,18.4,2,9,39,28,"$5,050 "
20122013,40241,210,42,193,"$1,560 ",191,23.6,60,315,155,59,"$4,704 ",71,29,63,"$1,321 ",64,21,14,100,54,28,"$4,918 "
20122013,40242,82,25,72,"$1,496 ",78,23.1,18,101,62,30,"$4,845 ",23,10,21,"$1,238 ",21,21,5,34,18,11,"$4,868 "
20122013,40243,88,24,77,"$1,426 ",78,22.4,23,102,64,32,"$4,692 ",11,5,8,"$1,041 ",10,18.1, -   ,,8,6,"$4,078 "
20122013,40245,238,30,219,"$1,435 ",216,23.1,78,311,181,56,"$4,325 ",68,18,60,"$1,211 ",59,21.9,16,92,57,25,"$4,683 "
20122013,40258,283,166,236,"$1,106 ",257,18.8,17,23,204,135,"$4,728 ",76,58,61,$931 ,70,18,3,3,66,50,"$5,105 "
20122013,40272,381,207,328,"$1,215 ",331,19.5,27,79,270,180,"$4,973 ",58,44,47,"$1,011 ",47,17.6,2,3,49,40,"$5,143 "
20122013,40291,287,95,250,"$1,315 ",254,21.3,45,136,224,110,"$4,414 ",80,46,61,"$1,165 ",70,19.3,8,20,64,41,"$5,140 "
20122013,40299,261,82,224,"$1,269 ",233,21.3,42,175,181,89,"$4,711 ",62,32,48,$973 ,55,19,3,9,46,31,"$4,942 "
,,,,,,,,,,,,  ,,,,,,,,,,,  
20132014,40023,19,2,18,"$1,622 ",17,22.7,6,19,19,4,"$3,818 ",3,1,3,"$1,548 ",3,19.7, -   ,,3,1,"$5,730 "
20132014,40047,1, -   ,1,"$1,411 ",1,22, -   ,,1,1,"$4,480 ",,,,,,,,,,,  
20132014,40059,67,7,61,"$1,639 ",60,24.3,17,65,50,8,"$2,880 ",17,3,15,"$1,494 ",16,22.4,4,22,13,2,"$2,530 "
20132014,40109,2,2,2,$874 ,2,14, -   ,,1,1,"$5,730 ",,,,,,,,,,,  
20132014,40118,82,63,67,"$1,162 ",61,17.6,4,13,56,41,"$5,031 ",12,11,11,$941 ,8,16, -   ,,9,7,"$5,609 "
20132014,40177,2,2,2,"$1,200 ",1,21, -   ,,2,2,"$5,555 ",,,,,,,,,,,  
20132014,40202,20,18,16,$784 ,16,18.6,2,3,17,16,"$5,533 ",17,17,14,$708 ,14,17, -   ,,16,16,"$5,533 "
20132014,40203,120,113,86,$795 ,83,17,5,11,86,82,"$5,418 ",105,99,71,$709 ,70,16.3,2,3,77,74,"$5,412 "
20132014,40204,60,27,53,"$1,491 ",52,23.8,20,106,47,27,"$5,004 ",15,12,12,"$1,009 ",14,19,1,2,12,11,"$4,835 "
20132014,40205,85,17,77,"$1,525 ",76,25.1,25,79,64,18,"$3,966 ",8,5,5,$971 ,4,19.8, -   ,,5,2,"$5,105 "
20132014,40206,69,33,62,"$1,120 ",49,22.1,9,51,53,31,"$5,045 ",22,17,19,$814 ,13,20.2,1,9,16,14,"$5,276 "
20132014,40207,109,31,99,"$1,553 ",79,24.7,31,170,81,42,"$4,463 ",15,12,13,"$1,129 ",10,20.9,2,4,11,10,"$4,645 "
20132014,40208,62,49,56,"$1,167 ",51,20.1,9,31,48,37,"$5,142 ",37,33,34,$970 ,29,18.6,6,9,30,26,"$5,338 "
20132014,40209,1, -   , -   ,,1,12, -   ,,, -   ,  ,,,,,,,,,,,  
20132014,40210,149,140,98,$753 ,111,15.8,2,2,115,110,"$5,538 ",143,134,94,$730 ,106,15.6,1,1,110,105,"$5,529 "
20132014,40211,273,250,199,$805 ,194,17.3,7,15,201,187,"$5,439 ",268,246,197,$802 ,192,17.3,6,14,200,187,"$5,439 "
20132014,40212,161,148,116,$768 ,114,16.8,2,2,126,122,"$5,339 ",136,126,97,$743 ,95,16.7,1,1,105,101,"$5,384 "
20132014,40213,119,89,99,"$1,068 ",88,19.8,15,42,94,78,"$5,164 ",55,53,40,$957 ,37,17.2,2,2,43,42,"$5,503 "
20132014,40214,368,248,323,"$1,180 ",293,19.8,24,70,296,223,"$5,045 ",167,148,135,"$1,031 ",123,18,13,38,134,121,"$5,272 "
20132014,40215,190,166,148,"$1,007 ",128,18.5,6,13,138,121,"$5,342 ",112,100,85,$880 ,74,17.3,2,5,86,79,"$5,414 "
20132014,40216,430,336,339,"$1,021 ",340,18.4,25,41,310,238,"$5,097 ",274,231,208,$936 ,222,17.6,12,21,213,171,"$5,185 "
20132014,40217,57,37,51,"$1,111 ",46,20.8,6,22,39,30,"$4,713 ",11,10,8,$919 ,8,17.5, -   ,,8,8,"$4,380 "
20132014,40218,307,241,239,"$1,047 ",221,19.2,18,58,239,195,"$5,200 ",210,183,160,$979 ,151,18.6,11,35,171,154,"$5,295 "
20132014,40219,327,250,264,"$1,084 ",235,18.9,36,94,238,197,"$5,137 ",165,146,130,$980 ,123,17.9,13,40,132,117,"$5,254 "
20132014,40220,205,101,175,"$1,277 ",161,21.3,31,107,150,95,"$5,191 ",84,61,66,$930 ,64,19.1,3,17,64,54,"$5,265 "
20132014,40222,108,28,99,"$1,344 ",87,23.5,25,125,79,35,"$4,287 ",30,16,27,"$1,226 ",23,22.6,8,44,23,13,"$4,057 "
20132014,40223,159,45,144,"$1,447 ",126,23.9,56,227,106,44,"$4,462 ",38,22,33,"$1,092 ",31,20.4,6,18,28,23,"$5,060 "
20132014,40228,144,66,120,"$1,209 ",124,20.7,19,45,107,52,"$4,559 ",58,36,46,"$1,026 ",48,18.7,7,10,41,22,"$4,223 "
20132014,40229,224,133,191,"$1,217 ",169,20.5,29,96,162,105,"$4,785 ",57,42,47,"$1,054 ",42,19,4,11,47,37,"$4,896 "
20132014,40241,196,51,180,"$1,613 ",160,24.9,59,324,155,59,"$4,289 ",80,32,68,"$1,520 ",61,23.5,21,149,63,35,"$4,540 "
20132014,40242,77,26,67,"$1,439 ",60,23.5,23,94,57,28,"$4,855 ",23,14,19,"$1,415 ",19,21.9,8,29,18,13,"$5,434 "
20132014,40243,96,25,85,"$1,451 ",85,22.6,27,56,79,39,"$4,745 ",27,14,21,"$1,355 ",22,21.8,5,9,19,16,"$5,168 "
20132014,40245,196,34,171,"$1,594 ",158,23.9,65,257,149,45,"$4,578 ",71,20,57,"$1,582 ",55,22.9,24,90,54,15,"$4,967 "
20132014,40258,295,178,242,"$1,130 ",200,19.8,19,51,220,151,"$4,787 ",78,71,57,$975 ,56,18.5,2,14,67,54,"$5,089 "
20132014,40272,314,188,260,"$1,247 ",225,20.1,22,42,214,137,"$4,984 ",47,39,32,"$1,092 ",29,18.4,3,5,30,27,"$4,954 "
20132014,40291,276,118,232,"$1,221 ",218,21.3,40,117,193,102,"$4,845 ",83,51,65,"$1,074 ",63,19.8,9,20,64,41,"$5,091 "
20132014,40299,272,88,250,"$1,404 ",215,22.9,54,200,202,81,"$4,169 ",60,32,57,"$1,181 ",41,21.3,10,38,43,20,"$4,240 "
,,,,,,,,,,,,  ,,,,,,,,,,,  
20142015,40023,18,3,17,"$1,466 ",15,24.9,6,19,13,2,"$3,700 ",3,1,3,"$1,338 ",2,28.5,2,2,2, -   ,  
20142015,40047,2, -   ,2,"$1,753 ",2,23, -   ,,2,1,"$5,725 ",,,,,,,,,,,  
20142015,40059,73,19,71,"$1,754 ",61,26,24,161,49,19,"$4,004 ",21,9,19,"$1,461 ",15,26.1,6,53,17,7,"$3,575 "
20142015,40118,123,95,110,"$1,154 ",103,19.3,12,32,82,69,"$4,937 ",27,27,21,"$1,083 ",23,17.7,3,9,18,18,"$5,433 "
20142015,40202,15,14,12,"$1,079 ",9,18.7,1,11,12,11,"$5,320 ",14,14,11,"$1,029 ",8,17.4,1,11,11,11,"$5,320 "
20142015,40203,101,96,65,$844 ,65,17.1,4,7,65,61,"$5,725 ",84,82,54,$797 ,53,16.9,2,5,55,53,"$5,717 "
20142015,40204,53,31,42,"$1,175 ",42,20.9,7,28,32,22,"$5,257 ",11,11,7,$709 ,8,16, -   ,,10,10,"$5,775 "
20142015,40205,120,27,107,"$1,637 ",108,25.3,41,165,88,32,"$4,427 ",12,6,9,"$1,646 ",10,24.9,3,8,10,6,"$5,417 "
20142015,40206,71,33,62,"$1,384 ",59,23.4,15,62,51,28,"$5,132 ",20,12,20,"$1,160 ",18,22.1,4,20,19,11,"$5,693 "
20142015,40207,131,43,115,"$1,495 ",103,24.2,33,144,84,38,"$5,201 ",30,20,24,"$1,175 ",25,19.6,5,8,23,19,"$5,501 "
20142015,40208,68,56,47,$809 ,43,17.5,3,18,39,33,"$5,572 ",46,41,28,$710 ,30,16.4,1,14,29,28,"$5,536 "
20142015,40210,184,173,122,$688 ,121,16.7,3,6,126,120,"$5,605 ",181,170,121,$692 ,118,16.7,3,6,124,118,"$5,602 "
20142015,40211,259,234,193,$836 ,178,17.1,9,17,196,182,"$5,358 ",255,230,190,$834 ,177,17.1,9,17,194,180,"$5,354 "
20142015,40212,179,172,122,$809 ,109,16.5, -   ,,120,115,"$5,638 ",149,143,96,$799 ,95,16.3, -   ,,102,98,"$5,619 "
20142015,40213,122,89,94,"$1,073 ",84,20,12,37,81,60,"$5,215 ",55,49,37,$809 ,34,16.7,3,12,36,32,"$5,498 "
20142015,40214,415,318,351,"$1,163 ",332,19.5,39,100,305,241,"$5,251 ",203,184,161,"$1,109 ",158,18.1,17,49,163,148,"$5,423 "
20142015,40215,192,163,151,$966 ,153,17.5,5,13,126,105,"$5,371 ",119,107,85,$933 ,95,16.5,3,6,84,74,"$5,348 "
20142015,40216,488,371,388,"$1,080 ",392,19.1,34,69,380,294,"$5,145 ",317,264,235,$907 ,253,17.8,10,26,252,214,"$5,107 "
20142015,40217,64,44,49,"$1,274 ",48,20.5,9,21,45,36,"$4,647 ",17,13,11,"$1,149 ",11,19.1,2,3,13,11,"$4,811 "
20142015,40218,298,248,228,"$1,033 ",205,19,23,64,218,178,"$5,395 ",219,190,163,$978 ,152,18.4,16,42,172,144,"$5,391 "
20142015,40219,328,243,259,"$1,090 ",221,19.6,23,46,223,172,"$5,194 ",179,158,133,$976 ,125,18.3,8,19,132,115,"$5,400 "
20142015,40220,200,125,170,"$1,237 ",155,21,32,94,148,97,"$4,694 ",90,73,75,"$1,150 ",68,19.6,13,26,66,49,"$5,016 "
20142015,40222,108,32,100,"$1,419 ",85,23.3,25,86,78,40,"$4,540 ",23,16,19,"$1,153 ",18,20.2,2,4,17,12,"$5,413 "
20142015,40223,140,37,125,"$1,549 ",117,23.8,46,208,97,37,"$4,510 ",35,16,29,"$1,266 ",29,21.7,8,30,25,12,"$4,921 "
20142015,40228,173,94,153,"$1,229 ",135,20.9,18,41,133,82,"$4,785 ",71,47,59,"$1,098 ",52,19.1,7,13,54,38,"$5,196 "
20142015,40229,221,149,184,"$1,140 ",152,19.5,19,56,151,109,"$4,663 ",79,63,68,"$1,110 ",63,18.3,5,20,60,49,"$4,156 "
20142015,40241,262,71,231,"$1,561 ",204,25,67,394,198,77,"$4,639 ",90,31,80,"$1,590 ",71,25.3,29,200,72,32,"$4,761 "
20142015,40242,76,33,66,"$1,373 ",50,23.2,12,62,50,28,"$4,923 ",25,15,21,"$1,274 ",16,21.1,4,21,18,13,"$4,760 "
20142015,40243,83,29,73,"$1,386 ",72,22,18,63,69,29,"$4,882 ",16,11,12,"$1,165 ",13,19.5,2,9,13,8,"$5,544 "
20142015,40245,222,42,192,"$1,526 ",194,23.9,59,263,163,40,"$4,605 ",69,23,56,"$1,412 ",56,23,15,69,52,17,"$4,804 "
20142015,40258,345,230,286,"$1,123 ",232,19.5,15,22,236,158,"$5,105 ",90,76,68,"$1,051 ",63,17.7,3,3,64,53,"$5,304 "
20142015,40272,372,255,323,"$1,147 ",256,20.1,28,63,241,158,"$5,068 ",65,55,45,$941 ,39,18.4,2,4,43,36,"$5,054 "
20142015,40291,296,141,247,"$1,252 ",236,21,47,141,218,118,"$4,701 ",100,62,75,"$1,108 ",78,19.1,10,25,73,47,"$4,820 "
20142015,40299,274,103,236,"$1,340 ",199,22.1,43,150,198,88,"$4,690 ",71,47,59,"$1,111 ",45,19.8,10,20,55,39,"$5,237 "
,,,,,,,,,,,,  ,,,,,,,,,,,  
20152016,40023,16,2,15,"$1,691 ",15,24.5,2,10,13,2,"$5,815 ",1, -   ,1,"$1,803 ",1,26, -   ,,1, -   ,  
20152016,40047,1, -   ,1,"$1,189 ",1,20, -   ,,1, -   ,  ,,,,,,,,,,,  
20152016,40059,74,8,67,"$1,756 ",65,26.3,19,169,44,9,"$4,782 ",26,5,23,"$1,752 ",22,28,9,114,17,3,"$4,615 "
20152016,40118,108,80,92,"$1,196 ",100,18.1,12,22,69,47,"$5,204 ",22,19,17,$853 ,20,16.7,1,1,15,13,"$5,069 "
20152016,40202,18,18,13,$823 ,16,16.6, -   ,,14,14,"$5,129 ",16,16,12,$724 ,14,16.7, -   ,,13,13,"$5,077 "
20152016,40203,111,106,75,$863 ,81,16.9,6,18,67,63,"$5,582 ",97,95,62,$839 ,68,16.4,5,17,57,56,"$5,711 "
20152016,40204,55,33,51,"$1,345 ",47,23.3,13,55,38,26,"$4,955 ",20,15,18,"$1,300 ",16,23,3,13,13,11,"$5,792 "
20152016,40205,111,34,102,"$1,632 ",107,25,28,118,91,34,"$4,965 ",23,12,21,"$1,569 ",22,23.4,10,35,21,13,"$5,203 "
20152016,40206,86,40,76,"$1,409 ",72,23.1,15,70,57,29,"$4,812 ",19,14,14,"$1,180 ",13,19.2,1,10,10,7,"$5,808 "
20152016,40207,97,42,87,"$1,536 ",84,23.4,17,63,60,30,"$4,978 ",20,13,18,"$1,275 ",17,21.4,2,9,10,10,"$4,595 "
20152016,40208,91,78,73,"$1,052 ",64,18.9,12,33,50,40,"$5,641 ",62,59,48,$884 ,45,17,6,13,35,33,"$5,692 "
20152016,40209,6,6,4,$841 ,4,16.5,1,1,3,3,"$5,815 ",4,4,2,$570 ,3,17.7, -   ,,3,3,"$5,815 "
20152016,40210,175,164,123,$883 ,123,16.8,4,6,111,106,"$5,393 ",170,159,119,$872 ,120,16.7,4,6,108,103,"$5,393 "
20152016,40211,287,268,212,$894 ,216,16.8,6,13,185,169,"$5,341 ",279,261,205,$897 ,212,16.8,6,13,179,165,"$5,330 "
20152016,40212,181,172,141,$766 ,144,16.6,3,5,118,115,"$5,485 ",131,125,99,$696 ,104,16.1,1,1,87,85,"$5,489 "
20152016,40213,117,94,92,"$1,116 ",84,19.5,8,14,62,43,"$5,388 ",59,57,42,$935 ,43,17.7,1,1,35,30,"$5,358 "
20152016,40214,436,333,376,"$1,139 ",343,19.4,38,110,288,217,"$5,321 ",200,180,171,$972 ,139,18,13,26,139,130,"$5,481 "
20152016,40215,244,224,186,$905 ,168,17.2,10,34,143,131,"$5,405 ",144,138,110,$908 ,98,16.7,7,15,89,85,"$5,608 "
20152016,40216,468,379,371,"$1,125 ",408,18.5,28,72,305,238,"$5,188 ",291,260,218,"$1,023 ",253,17.6,13,32,201,174,"$5,184 "
20152016,40217,54,36,49,"$1,350 ",40,21.8,9,30,28,16,"$4,593 ",12,9,10,"$1,369 ",8,19.5,2,2,5,3,"$3,615 "
20152016,40218,324,250,256,"$1,097 ",241,19.1,22,80,218,175,"$5,100 ",226,189,170,"$1,032 ",169,18.2,11,35,158,135,"$5,141 "
20152016,40219,384,298,312,"$1,115 ",283,18.8,26,65,246,187,"$5,018 ",208,187,159,"$1,021 ",153,17.6,7,28,145,128,"$5,194 "
20152016,40220,209,132,183,"$1,225 ",153,20.7,23,84,147,94,"$5,117 ",101,82,82,"$1,090 ",68,18.8,9,33,71,55,"$5,086 "
20152016,40222,106,37,97,"$1,786 ",96,24.6,29,141,81,43,"$4,405 ",26,13,25,"$1,564 ",24,23.4,6,22,21,13,"$4,488 "
20152016,40223,165,55,148,"$1,500 ",143,23.4,49,223,115,41,"$4,877 ",39,23,30,"$1,156 ",33,20,5,21,29,17,"$5,041 "
20152016,40228,156,90,141,"$1,335 ",139,20.7,14,37,109,54,"$4,971 ",64,48,54,"$1,178 ",58,18.8,4,13,43,27,"$5,421 "
20152016,40229,214,134,182,"$1,236 ",176,20,19,70,141,90,"$4,971 ",64,52,55,"$1,092 ",54,19.3,7,17,48,39,"$4,987 "
20152016,40241,249,82,220,"$1,595 ",212,24,60,351,191,74,"$4,881 ",117,55,99,"$1,548 ",99,22.6,27,176,96,47,"$5,044 "
20152016,40242,67,24,64,"$1,425 ",54,23.1,14,42,49,22,"$5,213 ",22,13,20,$942 ,13,20.5,4,8,15,9,"$5,693 "
20152016,40243,79,27,67,"$1,507 ",75,22.6,24,102,55,26,"$4,623 ",17,10,11,"$1,552 ",16,20.6,4,18,14,8,"$5,328 "
20152016,40245,256,61,238,"$1,572 ",239,23.4,76,378,193,56,"$4,984 ",81,34,75,"$1,601 ",72,23.9,25,165,64,29,"$5,129 "
20152016,40258,370,271,313,"$1,120 ",303,18.8,15,28,221,154,"$4,969 ",110,94,92,"$1,003 ",86,17.7,2,4,74,60,"$5,201 "
20152016,40272,393,268,337,"$1,289 ",355,19.1,30,65,240,153,"$4,819 ",82,68,67,"$1,064 ",76,17.5,5,9,55,48,"$4,500 "
20152016,40291,333,154,299,"$1,356 ",290,21.9,50,153,233,112,"$4,531 ",94,62,77,"$1,210 ",74,20,9,25,66,41,"$5,043 "
20152016,40299,309,132,270,"$1,424 ",255,22.3,68,219,209,98,"$4,666 ",97,61,86,"$1,205 ",79,20.5,15,33,70,44,"$4,840 "
